Workbook

Sheet Product Backlog
A1: Key | B1: Type | C1: Parent Epic | D1: Summary | E1: Story Points | F1: Priority | G1: Status | H1: Sprint | I1: Label | J1: Component(s) | K1: Fix Version | L1: Assignee
A2: CIRRS-1 | B2: Epic | D2: User Management & Authentication | F2: Medium | G2: To Do | H2: Backlog | I2: User-Admin | J2: Backend-API, Database | K2: Version 1.0 | L2: Anish K V
A3: CIRRS-2 | B3: Epic | D3: Citizen Issue Reporting | F3: Medium | G3: To Do | H3: Backlog | I3: Citizen | J3: Backend-API, Mobile-App | K3: Version 1.0 | L3: Anish K V
A4: CIRRS-3 | B4: Epic | D4: Municipal Triage & Verification | F4: Medium | G4: To Do | H4: Backlog | I4: Staff | J4: Backend-API, Web-Portal | K4: Version 2.0 | L4: Balaji M
A5: CIRRS-4 | B5: Epic | D5: Department Assignment & Resolution | F5: Medium | G5: To Do | H5: Backlog | I5: Officer | J5: Backend-API, Web-Portal | K5: Version 2.0 | L5: Balaji M
A6: CIRRS-5 | B6: Epic | D6: Notifications & Status Tracking | F6: Medium | G6: To Do | H6: Backlog | I6: Notification | J6: Mobile-App, Notification-Service | K6: Version 3.0 | L6: Anish K V
A7: CIRRS-6 | B7: Epic | D7: Admin Dashboard & Reporting | F7: Medium | G7: To Do | H7: Backlog | I7: Admin | J7: Database, Web-Portal | K7: Version 3.0 | L7: Balaji M
A8: CIRRS-7 | B8: Story | C8: CIRRS-1 - User Management & Authentication | D8: As a citizen, I want to register with my phone number and email, so that I can start reporting civic issues in my area. | E8: 5 | F8: High | G8: Done | H8: Sprint 1 | I8: User-Admin | J8: Backend-API, Mobile-App | K8: Version 1.0 | L8: Anish K V
A9: CIRRS-8 | B9: Story | C9: CIRRS-1 - User Management & Authentication | D9: As a registered user, I want to log in securely with my credentials, so that I can access my account and reports. | E9: 3 | F9: High | G9: Done | H9: Sprint 1 | I9: User-Admin | J9: Backend-API, Mobile-App | K9: Version 1.0 | L9: Anish K V
A10: CIRRS-9 | B10: Story | C10: CIRRS-1 - User Management & Authentication | D10: As a user, I want to reset my password when I forget it, so that I can regain access to my account. | E10: 3 | F10: Medium | G10: To Do | H10: Sprint 1 | I10: User-Admin | J10: Backend-API, Notification-Service | K10: Version 1.0 | L10: Anish K V
A11: CIRRS-10 | B11: Story | C11: CIRRS-1 - User Management & Authentication | D11: As a user, I want to view and update my profile details, so that my contact information stays current. | E11: 3 | F11: Low | G11: To Do | H11: Sprint 2 | I11: User-Admin | J11: Backend-API, Mobile-App | K11: Version 1.0 | L11: Anish K V
A12: CIRRS-11 | B12: Story | C12: CIRRS-1 - User Management & Authentication | D12: As an administrator, I want role-based access control for citizens, staff and officers, so that each user only sees what they are permitted to. | E12: 8 | F12: High | G12: To Do | H12: Sprint 2 | I12: User-Admin | J12: Backend-API, Database | K12: Version 1.0 | L12: Anish K V
A13: CIRRS-12 | B13: Story | C13: CIRRS-2 - Citizen Issue Reporting | D13: As a citizen, I want to capture a photo of a civic issue from within the app, so that I can provide visual evidence of the problem. | E13: 5 | F13: High | G13: Done | H13: Sprint 1 | I13: Citizen | J13: Mobile-App | K13: Version 1.0 | L13: Anish K V
A14: CIRRS-13 | B14: Story | C14: CIRRS-2 - Citizen Issue Reporting | D14: As a citizen, I want the app to auto-detect my GPS location when I report an issue, so that the issue is geotagged accurately. | E14: 8 | F14: High | G14: In Progress | H14: Sprint 1 | I14: Citizen | J14: Backend-API, Mobile-App | K14: Version 1.0 | L14: Anish K V
A15: CIRRS-14 | B15: Story | C15: CIRRS-2 - Citizen Issue Reporting | D15: As a citizen, I want to select a category for my issue, so that it reaches the correct department faster. | E15: 3 | F15: Medium | G15: To Do | H15: Sprint 1 | I15: Citizen | J15: Database, Mobile-App | K15: Version 1.0 | L15: Anish K V
A16: CIRRS-15 | B16: Story | C16: CIRRS-2 - Citizen Issue Reporting | D16: As a citizen, I want to add a text description to my report, so that I can explain details the photo does not show. | E16: 2 | F16: Medium | G16: To Do | H16: Sprint 1 | I16: Citizen | J16: Mobile-App | K16: Version 1.0 | L16: Anish K V
A17: CIRRS-16 | B17: Story | C17: CIRRS-2 - Citizen Issue Reporting | D17: As a citizen, I want to submit my report and receive a reference ID, so that I can track its progress later. | E17: 5 | F17: High | G17: In Review | H17: Sprint 1 | I17: Citizen | J17: Backend-API, Database, Mobile-App | K17: Version 1.0 | L17: Anish K V
A18: CIRRS-17 | B18: Story | C18: CIRRS-2 - Citizen Issue Reporting | D18: As a citizen, I want to see validation errors before submitting, so that I can correct an incomplete report. | E18: 2 | F18: Low | G18: To Do | H18: Sprint 2 | I18: Citizen | J18: Mobile-App | K18: Version 1.0 | L18: Anish K V
A19: CIRRS-18 | B19: Story | C19: CIRRS-3 - Municipal Triage & Verification | D19: As municipal staff, I want to see a queue of newly submitted reports, so that I can review them promptly. | E19: 5 | F19: High | G19: To Do | H19: Sprint 2 | I19: Staff | J19: Backend-API, Web-Portal | K19: Version 2.0 | L19: Balaji M
... A36: CIRRS-35 | B36: Story | C36: CIRRS-6 - Admin Dashboard & Reporting | D36: As an administrator, I want to monitor a live map of open issues, so that I can spot problem hotspots in the city. | E36: 8 | F36: Medium | G36: To Do | H36: Sprint 3 | I36: Admin | J36: Web-Portal | K36: Version 3.0 | L36: Balaji M
A37: CIRRS-36 | B37: Task | C37: CIRRS-1 - User Management & Authentication | D37: Set up Git repository, branching strategy and CI pipeline | F37: High | G37: Done | H37: Sprint 1 | I37: Technical-Task | J37: Backend-API | K37: Version 1.0 | L37: Anish K V
A38: CIRRS-37 | B38: Task | C38: CIRRS-1 - User Management & Authentication | D38: Design the database schema for users, issues, departments and resolutions | F38: High | G38: Done | H38: Sprint 1 | I38: Technical-Task | J38: Database | K38: Version 1.0 | L38: Anish K V
A39: CIRRS-38 | B39: Task | C39: CIRRS-2 - Citizen Issue Reporting | D39: Prepare UI/UX wireframes for the citizen mobile app | F39: Medium | G39: Done | H39: Sprint 1 | I39: Technical-Task | J39: Mobile-App | K39: Version 1.0 | L39: Anish K V
A40: CIRRS-39 | B40: Task | C40: CIRRS-2 - Citizen Issue Reporting | D40: Register and configure GPS / Map service API keys and quotas | F40: Medium | G40: To Do | H40: Sprint 2 | I40: Technical-Task | J40: Mobile-App | K40: Version 1.0 | L40: Anish K V
A41: CIRRS-40 | B41: Task | C41: CIRRS-3 - Municipal Triage & Verification | D41: Write the system test plan and acceptance criteria checklist | F41: Medium | G41: To Do | H41: Sprint 2 | I41: Technical-Task | J41: Web-Portal | K41: Version 2.0 | L41: Balaji M
A42: CIRRS-41 | B42: Task | C42: CIRRS-6 - Admin Dashboard & Reporting | D42: Prepare the user training guide for municipal staff and officers | F42: Low | G42: To Do | H42: Sprint 3 | I42: Technical-Task | J42: Web-Portal | K42: Version 3.0 | L42: Balaji M
A43: CIRRS-42 | B43: Bug | C43: CIRRS-2 - Citizen Issue Reporting | D43: BUG: GPS coordinates drift by up to 200 m when a report is created indoors | F43: High | G43: In Progress | H43: Sprint 1 | I43: Defect | J43: Mobile-App | K43: Version 1.0 | L43: Anish K V
A44: CIRRS-43 | B44: Bug | C44: CIRRS-2 - Citizen Issue Reporting | D44: BUG: Photo upload fails silently when the image is larger than 5 MB | F44: High | G44: To Do | H44: Sprint 1 | I44: Defect | J44: Mobile-App | K44: Version 1.0 | L44: Anish K V
A45: CIRRS-44 | B45: Bug | C45: CIRRS-5 - Notifications & Status Tracking | D45: BUG: Status-change notification is delivered twice when an officer updates progress rapidly | F45: Medium | G45: To Do | H45: Backlog | I45: Defect | J45: Notification-Service | K45: Version 3.0 | L45: Anish K V
A46: CIRRS-45 | B46: Bug | C46: CIRRS-3 - Municipal Triage & Verification | D46: BUG: Rejected reports still appear in the department officer queue | F46: Medium | G46: To Do | H46: Backlog | I46: Defect | J46: Web-Portal | K46: Version 2.0 | L46: Balaji M

Sheet Sprint 1 Backlog
A1: Key | B1: Type | C1: Parent | D1: Summary | E1: Story Points | F1: Priority | G1: Status | H1: Assignee
A2: CIRRS-7 | B2: Story | C2: CIRRS-1 - User Management & Authentication | D2: As a citizen, I want to register with my phone number and email, so that I can start reporting civic issues in my area. | E2: 5 | F2: High | G2: Done | H2: Anish K V
A3: CIRRS-8 | B3: Story | C3: CIRRS-1 - User Management & Authentication | D3: As a registered user, I want to log in securely with my credentials, so that I can access my account and reports. | E3: 3 | F3: High | G3: Done | H3: Anish K V
A4: CIRRS-9 | B4: Story | C4: CIRRS-1 - User Management & Authentication | D4: As a user, I want to reset my password when I forget it, so that I can regain access to my account. | E4: 3 | F4: Medium | G4: To Do | H4: Anish K V
A5: CIRRS-12 | B5: Story | C5: CIRRS-2 - Citizen Issue Reporting | D5: As a citizen, I want to capture a photo of a civic issue from within the app, so that I can provide visual evidence of the problem. | E5: 5 | F5: High | G5: Done | H5: Anish K V
A6: CIRRS-13 | B6: Story | C6: CIRRS-2 - Citizen Issue Reporting | D6: As a citizen, I want the app to auto-detect my GPS location when I report an issue, so that the issue is geotagged accurately. | E6: 8 | F6: High | G6: In Progress | H6: Anish K V
A7: CIRRS-14 | B7: Story | C7: CIRRS-2 - Citizen Issue Reporting | D7: As a citizen, I want to select a category for my issue, so that it reaches the correct department faster. | E7: 3 | F7: Medium | G7: To Do | H7: Anish K V
A8: CIRRS-15 | B8: Story | C8: CIRRS-2 - Citizen Issue Reporting | D8: As a citizen, I want to add a text description to my report, so that I can explain details the photo does not show. | E8: 2 | F8: Medium | G8: To Do | H8: Anish K V
A9: CIRRS-16 | B9: Story | C9: CIRRS-2 - Citizen Issue Reporting | D9: As a citizen, I want to submit my report and receive a reference ID, so that I can track its progress later. | E9: 5 | F9: High | G9: In Review | H9: Anish K V
A10: CIRRS-36 | B10: Task | C10: CIRRS-1 - User Management & Authentication | D10: Set up Git repository, branching strategy and CI pipeline | F10: High | G10: Done | H10: Anish K V
A11: CIRRS-37 | B11: Task | C11: CIRRS-1 - User Management & Authentication | D11: Design the database schema for users, issues, departments and resolutions | F11: High | G11: Done | H11: Anish K V
A12: CIRRS-38 | B12: Task | C12: CIRRS-2 - Citizen Issue Reporting | D12: Prepare UI/UX wireframes for the citizen mobile app | F12: Medium | G12: Done | H12: Anish K V
A13: CIRRS-42 | B13: Bug | C13: CIRRS-2 - Citizen Issue Reporting | D13: BUG: GPS coordinates drift by up to 200 m when a report is created indoors | F13: High | G13: In Progress | H13: Anish K V
A14: CIRRS-43 | B14: Bug | C14: CIRRS-2 - Citizen Issue Reporting | D14: BUG: Photo upload fails silently when the image is larger than 5 MB | F14: High | G14: To Do | H14: Anish K V
A15: CIRRS-46 | B15: Sub-task | C15: CIRRS-7 - As a citizen, I want to register with my phone number and email, so that I can start reporting civic issues in my area. | D15: Design the registration screen mockup and field validation rules | F15: Medium | G15: Done | H15: Anish K V
A16: CIRRS-47 | B16: Sub-task | C16: CIRRS-7 - As a citizen, I want to register with my phone number and email, so that I can start reporting civic issues in my area. | D16: Write the technical implementation strategy for OTP verification | F16: Medium | G16: Done | H16: Anish K V
A17: CIRRS-48 | B17: Sub-task | C17: CIRRS-7 - As a citizen, I want to register with my phone number and email, so that I can start reporting civic issues in my area. | D17: Create the registration user interface layout in the mobile app | F17: Medium | G17: Done | H17: Anish K V
A18: CIRRS-49 | B18: Sub-task | C18: CIRRS-7 - As a citizen, I want to register with my phone number and email, so that I can start reporting civic issues in my area. | D18: Write unit tests and code for the registration API endpoint | F18: Medium | G18: Done | H18: Anish K V
A19: CIRRS-50 | B19: Sub-task | C19: CIRRS-7 - As a citizen, I want to register with my phone number and email, so that I can start reporting civic issues in my area. | D19: Integrate the SMS gateway for OTP delivery | F19: Medium | G19: Done | H19: Anish K V
A20: CIRRS-51 | B20: Sub-task | C20: CIRRS-7 - As a citizen, I want to register with my phone number and email, so that I can start reporting civic issues in my area. | D20: Write and run acceptance tests for the registration flow | F20: Medium | G20: Done | H20: Anish K V
A21: CIRRS-52 | B21: Sub-task | C21: CIRRS-8 - As a registered user, I want to log in securely with my credentials, so that I can access my account and reports. | D21: Design the login screen mockup | F21: Medium | G21: Done | H21: Anish K V
... A55: CIRRS-90 | B55: Sub-task | C55: CIRRS-16 - As a citizen, I want to submit my report and receive a reference ID, so that I can track its progress later. | D55: Write and run acceptance tests for end-to-end submission | F55: Medium | G55: In Progress | H55: Anish K V

Sheet Sprint 2 Backlog
A1: Key | B1: Type | C1: Parent | D1: Summary | E1: Story Points | F1: Priority | G1: Status | H1: Assignee
A2: CIRRS-10 | B2: Story | C2: CIRRS-1 - User Management & Authentication | D2: As a user, I want to view and update my profile details, so that my contact information stays current. | E2: 3 | F2: Low | G2: To Do | H2: Anish K V
A3: CIRRS-11 | B3: Story | C3: CIRRS-1 - User Management & Authentication | D3: As an administrator, I want role-based access control for citizens, staff and officers, so that each user only sees what they are permitted to. | E3: 8 | F3: High | G3: To Do | H3: Anish K V
A4: CIRRS-17 | B4: Story | C4: CIRRS-2 - Citizen Issue Reporting | D4: As a citizen, I want to see validation errors before submitting, so that I can correct an incomplete report. | E4: 2 | F4: Low | G4: To Do | H4: Anish K V
A5: CIRRS-18 | B5: Story | C5: CIRRS-3 - Municipal Triage & Verification | D5: As municipal staff, I want to see a queue of newly submitted reports, so that I can review them promptly. | E5: 5 | F5: High | G5: To Do | H5: Balaji M
A6: CIRRS-19 | B6: Story | C6: CIRRS-3 - Municipal Triage & Verification | D6: As municipal staff, I want to verify a report against its photo and location, so that I can confirm it is genuine. | E6: 5 | F6: High | G6: To Do | H6: Balaji M
A7: CIRRS-20 | B7: Story | C7: CIRRS-3 - Municipal Triage & Verification | D7: As municipal staff, I want to reject fake or duplicate reports with a reason, so that departments are not burdened with invalid work. | E7: 3 | F7: Medium | G7: To Do | H7: Balaji M
A8: CIRRS-21 | B8: Story | C8: CIRRS-3 - Municipal Triage & Verification | D8: As municipal staff, I want to assign a verified report to the correct department, so that the right team resolves it. | E8: 8 | F8: High | G8: To Do | H8: Balaji M
A9: CIRRS-22 | B9: Story | C9: CIRRS-3 - Municipal Triage & Verification | D9: As municipal staff, I want to set a priority on each report, so that urgent hazards are handled first. | E9: 3 | F9: Medium | G9: To Do | H9: Balaji M
A10: CIRRS-23 | B10: Story | C10: CIRRS-4 - Department Assignment & Resolution | D10: As a department officer, I want to view all issues assigned to my department, so that I can plan my field work. | E10: 5 | F10: High | G10: To Do | H10: Balaji M
A11: CIRRS-24 | B11: Story | C11: CIRRS-4 - Department Assignment & Resolution | D11: As a department officer, I want to accept an assigned task, so that the citizen knows work has begun. | E11: 3 | F11: High | G11: To Do | H11: Balaji M
A12: CIRRS-25 | B12: Story | C12: CIRRS-4 - Department Assignment & Resolution | D12: As a department officer, I want to update work progress on an issue, so that the status stays accurate. | E12: 3 | F12: Medium | G12: To Do | H12: Balaji M
A13: CIRRS-39 | B13: Task | C13: CIRRS-2 - Citizen Issue Reporting | D13: Register and configure GPS / Map service API keys and quotas | F13: Medium | G13: To Do | H13: Anish K V
A14: CIRRS-40 | B14: Task | C14: CIRRS-3 - Municipal Triage & Verification | D14: Write the system test plan and acceptance criteria checklist | F14: Medium | G14: To Do | H14: Balaji M
A15: CIRRS-86 | B15: Sub-task | C15: CIRRS-18 - As municipal staff, I want to see a queue of newly submitted reports, so that I can review them promptly. | D15: Build the new-report queue table view with photo thumbnails | F15: Medium | G15: To Do | H15: Balaji M
A16: CIRRS-87 | B16: Sub-task | C16: CIRRS-18 - As municipal staff, I want to see a queue of newly submitted reports, so that I can review them promptly. | D16: Implement queue filtering by category, ward and date range | F16: Medium | G16: To Do | H16: Balaji M
A17: CIRRS-88 | B17: Sub-task | C17: CIRRS-18 - As municipal staff, I want to see a queue of newly submitted reports, so that I can review them promptly. | D17: Implement pagination and 60-second auto-refresh | F17: Medium | G17: To Do | H17: Balaji M
A18: CIRRS-89 | B18: Sub-task | C18: CIRRS-18 - As municipal staff, I want to see a queue of newly submitted reports, so that I can review them promptly. | D18: Write and run acceptance tests for the new-report queue | F18: Medium | G18: To Do | H18: Balaji M
A19: CIRRS-105 | B19: Sub-task | C19: CIRRS-19 - As municipal staff, I want to verify a report against its photo and location, so that I can confirm it is genuine. | D19: Build the report detail view with full-size photo and map pin | F19: Medium | G19: To Do | H19: Balaji M
A20: CIRRS-100 | B20: Sub-task | C20: CIRRS-19 - As municipal staff, I want to verify a report against its photo and location, so that I can confirm it is genuine. | D20: Implement the 100 m duplicate-proximity query | F20: Medium | G20: To Do | H20: Balaji M
A21: CIRRS-99 | B21: Sub-task | C21: CIRRS-19 - As municipal staff, I want to verify a report against its photo and location, so that I can confirm it is genuine. | D21: Implement the Verify action and its status transition | F21: Medium | G21: To Do | H21: Balaji M
A22: CIRRS-106 | B22: Sub-task | C22: CIRRS-19 - As municipal staff, I want to verify a report against its photo and location, so that I can confirm it is genuine. | D22: Write and run acceptance tests for report verification | F22: Medium | G22: To Do | H22: Balaji M
A23: CIRRS-91 | B23: Sub-task | C23: CIRRS-20 - As municipal staff, I want to reject fake or duplicate reports with a reason, so that departments are not burdened with invalid work. | D23: Create the rejection reason master list and seed data | F23: Medium | G23: To Do | H23: Balaji M
A24: CIRRS-95 | B24: Sub-task | C24: CIRRS-20 - As municipal staff, I want to reject fake or duplicate reports with a reason, so that departments are not burdened with invalid work. | D24: Build the rejection dialog with reason and free-text note | F24: Medium | G24: To Do | H24: Balaji M
... A42: CIRRS-118 | B42: Sub-task | C42: CIRRS-25 - As a department officer, I want to update work progress on an issue, so that the status stays accurate. | D42: Write and run acceptance tests for progress updates | F42: Medium | G42: To Do | H42: Balaji M

Sheet Sprint 3 Backlog
A1: Key | B1: Type | C1: Parent | D1: Summary | E1: Story Points | F1: Priority | G1: Status | H1: Assignee
A2: CIRRS-26 | B2: Story | C2: CIRRS-4 - Department Assignment & Resolution | D2: As a department officer, I want to upload a resolution photo as proof of completion, so that the citizen can see the issue was fixed. | E2: 8 | F2: High | G2: To Do | H2: Balaji M
A3: CIRRS-27 | B3: Story | C3: CIRRS-4 - Department Assignment & Resolution | D3: As a department officer, I want to reassign an issue to another department, so that misrouted issues reach the right team. | E3: 5 | F3: Medium | G3: To Do | H3: Balaji M
A4: CIRRS-28 | B4: Story | C4: CIRRS-5 - Notifications & Status Tracking | D4: As a citizen, I want to receive a notification when my report status changes, so that I stay informed without checking the app. | E4: 5 | F4: High | G4: To Do | H4: Anish K V
A5: CIRRS-29 | B5: Story | C5: CIRRS-5 - Notifications & Status Tracking | D5: As a citizen, I want to track the current status of my report in the app, so that I know what stage it is at. | E5: 5 | F5: High | G5: To Do | H5: Anish K V
A6: CIRRS-30 | B6: Story | C6: CIRRS-5 - Notifications & Status Tracking | D6: As a citizen, I want to view the resolution proof photo, so that I can confirm the issue was actually fixed. | E6: 3 | F6: Medium | G6: To Do | H6: Anish K V
A7: CIRRS-31 | B7: Story | C7: CIRRS-5 - Notifications & Status Tracking | D7: As a citizen, I want to reopen a resolved issue if the problem persists, so that it gets proper attention. | E7: 5 | F7: Medium | G7: To Do | H7: Anish K V
A8: CIRRS-32 | B8: Story | C8: CIRRS-6 - Admin Dashboard & Reporting | D8: As an administrator, I want to manage departments and their officers, so that routing rules stay accurate. | E8: 5 | F8: Medium | G8: To Do | H8: Balaji M
A9: CIRRS-33 | B9: Story | C9: CIRRS-6 - Admin Dashboard & Reporting | D9: As an administrator, I want to manage user accounts and deactivate abusive reporters, so that the platform stays trustworthy. | E9: 5 | F9: Medium | G9: To Do | H9: Balaji M
A10: CIRRS-34 | B10: Story | C10: CIRRS-6 - Admin Dashboard & Reporting | D10: As an administrator, I want to generate reports on issue volume and resolution time, so that I can measure departmental performance. | E10: 8 | F10: High | G10: To Do | H10: Balaji M
A11: CIRRS-35 | B11: Story | C11: CIRRS-6 - Admin Dashboard & Reporting | D11: As an administrator, I want to monitor a live map of open issues, so that I can spot problem hotspots in the city. | E11: 8 | F11: Medium | G11: To Do | H11: Balaji M
A12: CIRRS-41 | B12: Task | C12: CIRRS-6 - Admin Dashboard & Reporting | D12: Prepare the user training guide for municipal staff and officers | F12: Low | G12: To Do | H12: Balaji M
A13: CIRRS-101 | B13: Sub-task | C13: CIRRS-26 - As a department officer, I want to upload a resolution photo as proof of completion, so that the citizen can see the issue was fixed. | D13: Build the resolution photo upload interface for department officers | F13: Medium | G13: To Do | H13: Balaji M
A14: CIRRS-94 | B14: Sub-task | C14: CIRRS-26 - As a department officer, I want to upload a resolution photo as proof of completion, so that the citizen can see the issue was fixed. | D14: Implement resolution photo storage and completion-date capture | F14: Medium | G14: To Do | H14: Balaji M
A15: CIRRS-104 | B15: Sub-task | C15: CIRRS-26 - As a department officer, I want to upload a resolution photo as proof of completion, so that the citizen can see the issue was fixed. | D15: Implement the Resolved status transition and notification trigger | F15: Medium | G15: To Do | H15: Balaji M
A16: CIRRS-92 | B16: Sub-task | C16: CIRRS-26 - As a department officer, I want to upload a resolution photo as proof of completion, so that the citizen can see the issue was fixed. | D16: Write and run acceptance tests for the resolution flow | F16: Medium | G16: To Do | H16: Balaji M
A17: CIRRS-119 | B17: Sub-task | C17: CIRRS-28 - As a citizen, I want to receive a notification when my report status changes, so that I stay informed without checking the app. | D17: Integrate the push notification provider SDK | F17: Medium | G17: To Do | H17: Anish K V
A18: CIRRS-120 | B18: Sub-task | C18: CIRRS-28 - As a citizen, I want to receive a notification when my report status changes, so that I stay informed without checking the app. | D18: Implement notification retry logic with a maximum of three attempts | F18: Medium | G18: To Do | H18: Anish K V
A19: CIRRS-121 | B19: Sub-task | C19: CIRRS-28 - As a citizen, I want to receive a notification when my report status changes, so that I stay informed without checking the app. | D19: Build the per-report notification mute setting | F19: Medium | G19: To Do | H19: Anish K V

Sheet Summary
A1: Civic/Community Issue Reporting & Routing System - Scrum Summary
A3: Jira project key | B3: CIRRS
A4: Jira site | B4: https://anlietyt.atlassian.net
A5: Board | B5: CIRRS board (Scrum, company-managed)
A6: Team | B6: Anish K V (CB.EN.U4CCE24005), Balaji M (CB.EN.U4CCE24010)
A7: Workflow | B7: To Do -> In Progress -> In Review -> Done
A9: Work items by type
A10: Issue type | B10: Count
A11: Epic | B11: =COUNTIF(Data!$B$2:$B$122,A11) -> 6
A12: Story | B12: =COUNTIF(Data!$B$2:$B$122,A12) -> 29
A13: Task | B13: =COUNTIF(Data!$B$2:$B$122,A13) -> 6
A14: Bug | B14: =COUNTIF(Data!$B$2:$B$122,A14) -> 4
A15: Sub-task | B15: =COUNTIF(Data!$B$2:$B$122,A15) -> 76
A16: Total | B16: =SUM(B11:B15) -> 121
A18: Work items by status
A19: Status | B19: Count
A20: To Do | B20: =COUNTIF(Data!$C$2:$C$122,A20) -> 85
A21: In Progress | B21: =COUNTIF(Data!$C$2:$C$122,A21) -> 6
A22: In Review | B22: =COUNTIF(Data!$C$2:$C$122,A22) -> 1
A23: Done | B23: =COUNTIF(Data!$C$2:$C$122,A23) -> 29
A25: Sprint allocation and velocity
A26: Sprint | B26: Items | C26: Story points committed | D26: Points completed | E26: % points complete
A27: Sprint 1 | B27: =COUNTIF(Data!$D$2:$D$122,A27) -> 54 | C27: =SUMIF(Data!$D$2:$D$122,A27,Data!$E$2:$E$122) -> 34 | D27: =SUMIFS(Data!$E$2:$E$122,Data!$D$2:$D$122,A27,Data!$C$2:$C$122,"Done") -> 13 | E27: =IFERROR(D27/C27,0) -> 0.38235294
A28: Sprint 2 | B28: =COUNTIF(Data!$D$2:$D$122,A28) -> 41 | C28: =SUMIF(Data!$D$2:$D$122,A28,Data!$E$2:$E$122) -> 48 | D28: =SUMIFS(Data!$E$2:$E$122,Data!$D$2:$D$122,A28,Data!$C$2:$C$122,"Done") -> 0 | E28: =IFERROR(D28/C28,0) -> 0
A29: Sprint 3 | B29: =COUNTIF(Data!$D$2:$D$122,A29) -> 18 | C29: =SUMIF(Data!$D$2:$D$122,A29,Data!$E$2:$E$122) -> 57 | D29: =SUMIFS(Data!$E$2:$E$122,Data!$D$2:$D$122,A29,Data!$C$2:$C$122,"Done") -> 0 | E29: =IFERROR(D29/C29,0) -> 0
A30: Backlog | B30: =COUNTIF(Data!$D$2:$D$122,A30) -> 8 | C30: =SUMIF(Data!$D$2:$D$122,A30,Data!$E$2:$E$122) -> 0 | D30: =SUMIFS(Data!$E$2:$E$122,Data!$D$2:$D$122,A30,Data!$C$2:$C$122,"Done") -> 0 | E30: =IFERROR(D30/C30,0) -> 0
A32: Workload by team member
A33: Assignee | B33: Items assigned | C33: Story points
A34: Anish K V | B34: =COUNTIF(Data!$F$2:$F$122,A34) -> 69 | C34: =SUMIF(Data!$F$2:$F$122,A34,Data!$E$2:$E$122) -> 65
A35: Balaji M | B35: =COUNTIF(Data!$F$2:$F$122,A35) -> 52 | C35: =SUMIF(Data!$F$2:$F$122,A35,Data!$E$2:$E$122) -> 74
A37: Note: all figures are live formulas over the Data sheet, which holds the export of every Jira work item in project CIRRS as at 30 Aug 2026.

Sheet Data
A1: Key | B1: Type | C1: Status | D1: Sprint | E1: Points | F1: Assignee
A2: CIRRS-1 | B2: Epic | C2: To Do | D2: Backlog | F2: Anish K V
A3: CIRRS-2 | B3: Epic | C3: To Do | D3: Backlog | F3: Anish K V
A4: CIRRS-3 | B4: Epic | C4: To Do | D4: Backlog | F4: Balaji M
A5: CIRRS-4 | B5: Epic | C5: To Do | D5: Backlog | F5: Balaji M
A6: CIRRS-5 | B6: Epic | C6: To Do | D6: Backlog | F6: Anish K V
A7: CIRRS-6 | B7: Epic | C7: To Do | D7: Backlog | F7: Balaji M
A8: CIRRS-7 | B8: Story | C8: Done | D8: Sprint 1 | E8: 5 | F8: Anish K V
A9: CIRRS-8 | B9: Story | C9: Done | D9: Sprint 1 | E9: 3 | F9: Anish K V
A10: CIRRS-9 | B10: Story | C10: To Do | D10: Sprint 1 | E10: 3 | F10: Anish K V
A11: CIRRS-10 | B11: Story | C11: To Do | D11: Sprint 2 | E11: 3 | F11: Anish K V
A12: CIRRS-11 | B12: Story | C12: To Do | D12: Sprint 2 | E12: 8 | F12: Anish K V
A13: CIRRS-12 | B13: Story | C13: Done | D13: Sprint 1 | E13: 5 | F13: Anish K V
A14: CIRRS-13 | B14: Story | C14: In Progress | D14: Sprint 1 | E14: 8 | F14: Anish K V
A15: CIRRS-14 | B15: Story | C15: To Do | D15: Sprint 1 | E15: 3 | F15: Anish K V
A16: CIRRS-15 | B16: Story | C16: To Do | D16: Sprint 1 | E16: 2 | F16: Anish K V
A17: CIRRS-16 | B17: Story | C17: In Review | D17: Sprint 1 | E17: 5 | F17: Anish K V
A18: CIRRS-17 | B18: Story | C18: To Do | D18: Sprint 2 | E18: 2 | F18: Anish K V
A19: CIRRS-18 | B19: Story | C19: To Do | D19: Sprint 2 | E19: 5 | F19: Balaji M
... A36: CIRRS-35 | B36: Story | C36: To Do | D36: Sprint 3 | E36: 8 | F36: Balaji M
A37: CIRRS-36 | B37: Task | C37: Done | D37: Sprint 1 | F37: Anish K V
A38: CIRRS-37 | B38: Task | C38: Done | D38: Sprint 1 | F38: Anish K V
A39: CIRRS-38 | B39: Task | C39: Done | D39: Sprint 1 | F39: Anish K V
A40: CIRRS-39 | B40: Task | C40: To Do | D40: Sprint 2 | F40: Anish K V
A41: CIRRS-40 | B41: Task | C41: To Do | D41: Sprint 2 | F41: Balaji M
A42: CIRRS-41 | B42: Task | C42: To Do | D42: Sprint 3 | F42: Balaji M
A43: CIRRS-42 | B43: Bug | C43: In Progress | D43: Sprint 1 | F43: Anish K V
A44: CIRRS-43 | B44: Bug | C44: To Do | D44: Sprint 1 | F44: Anish K V
A45: CIRRS-44 | B45: Bug | C45: To Do | D45: Backlog | F45: Anish K V
A46: CIRRS-45 | B46: Bug | C46: To Do | D46: Backlog | F46: Balaji M
A47: CIRRS-46 | B47: Sub-task | C47: Done | D47: Sprint 1 | F47: Anish K V
A48: CIRRS-47 | B48: Sub-task | C48: Done | D48: Sprint 1 | F48: Anish K V
... A122: CIRRS-121 | B122: Sub-task | C122: To Do | D122: Sprint 3 | F122: Anish K V
